sheet,key,japanese,korean
流程調查物件,第一日_戒指盒,"指輪の箱
メーカー：プレモンジュエリー
説明：シンプルな指輪の箱。
　　　婚約指輪と書かれており、
　　　かなり高い様式。",
流程調查物件,第一日_量子密鑰生成碟,"量子パスワード生成器
製造：万象－レッドボックスラボ
説明：万象グループ傘下の
　　　レッドボックスラボが開発した
　　　非公開ツール。
　　　繋げると量子暗号化通信を
　　　行える。
　　　会社の機密を守るため、
　　　万象グループが傘下企業の高級
　　　管理者にのみ配布されるもの。",
流程調查物件,第一日_告示牌,"お知らせ
説明：明日まで修理しています。",
流程調查物件,第二日_嘎蹦脆亞洲薯條包裝,"クランキーポテトの袋
説明：ジャンクフードを包み込む。",
流程調查物件,第三日_苦道苦瓜綠茶,"ゴーヤ緑茶
メーカー：ゴーヤ印
説明：ゴーヤのエキスが入っている無糖緑茶。
　　　苦みを乗り越えた先に甘みがある。",
流程調查物件,第三日_葉宜樺個人主機,"個人デバイス
メーカー：ダイトウ機電
説明：サイレントの職員がローカル
　　　インターネットに繋ぐためのデバイス。
　　　イファ･ヨウの名前が記されている。",
流程調查物件,第三日_地窖通行證,"セラーのパス
説明：権限を持っていない人はこのパスを
　　　使ってセラーに出入りできる。
注意：このパスの所有者は
　　　「選別組シンカ･シェ」である",
流程調查物件,第五日_李育瑋,"イク･リー
説明：認識番号28604、
　　　施設眠り神の傭兵隊長。
状態：死亡",
流程調查物件,第五日_趙建勳,"ケンクン･チョウ
説明：施設眠り神の
　　　生命維持部の研究員。
状態：気絶",
流程調查物件,第五日_詹泓寶,"コウホ･ザン
説明：施設眠り神の
　　　リソース管理部の研究員。
状態：気絶",
流程調查物件,第五日_王孟倫,"モンルン･ソン
説明：認識番号HJI4J4、
　　　施設眠り神の傭兵。
状態：死亡",
流程調查物件,第五日_研究主任ID卡,"研究主任のID
説明：施設眠り神の研究主任、
　　　エイコウ･フウのもの。
　　　後ろにパスワード「AU06」が
　　　書かれている。",
常態調查物件,教學關_消毒酒精,"アルコール消毒液
型番：手押しタイプ
説明：万象の消毒液、北区のすべての
　　　病院が使っている。",
常態調查物件,教學關_病房控制器,"病室制御端末
型番：#X-1 医療型
説明：各種の資料を閲覧する以外
　　　病室の設備を制御できる端末。
　　　例えば：扉、点滴など。
------------------------------------------------
<i>「安永霞天宮による寄付」</i>",
常態調查物件,教學關_藥物箱,"薬箱
型番：#RD-3 放射能隔離
用途：放射能のある薬を収納。
備考：通常病室に持ち込んでは
　　　いけない。",
常態調查物件,教學關_鎮適寧,"鎮静剤
効能：インプラントの拒絶反応や
使用者の不快感を和らげる。効果
は強力だが作用時間は短い。
番号：Y5YC",
常態調查物件,教學關_滋滋膠囊,"ジップカプセル
効能：風邪、鼻づまり、鼻炎。
番号：E5YD",
常態調查物件,教學關_點頭丸,"シェイクマル
効能：筋肉の緊張を緩和し、
血圧を下げる。
体内にインプラントのある患者に
使用不可。
番号：Y1WD",
常態調查物件,教學關_賽柯匹林,"サルコピリン
効能：一定期間五感を強める。
しかし理性を失う副作用がある。
番号：X7RO",
常態調查物件,教學關_麥克3號,"マックⅢ
効能：シミュレーション装置に
入った使用者に影響し、夢か
現実を見分けられなくなる。
よく無痛手術に使われる。
型番：Z9RC",
常態調查物件,教學關_便利貼,"付箋
説明：走り書きが書かれている

-------------------------------------------------
<i>「ヒントを書いたから、もう
パスワードを忘れるなよ！」</i>
<i>「ヒント：インプラントの不快感を
和らげる薬の番号」</i>",
常態調查物件,教學關_潦草的筆記1,"走り書きのメモ
説明：少し破れているため、
　　　一部の文字が読めない
-------------------------------------------------
<i>「奴らがまたミンを連れていった
……俺は」</i>
<i>「彼の包帯の下……全身が」</i>
<i>「青は…ダメ…死なないのは…赤…」</i>",
常態調查物件,教學關_潦草的筆記2,"走り書きのメモ
説明：少し破れているため、
　　　一部の文字が読めない
-------------------------------------------------
<i>「記憶が…錯乱する…寝たふりを
して盗み聞きを…」</i>
<i>「メモ…ベッドのした…忘れるな…」</i>",
常態調查物件,教學關_潦草的筆記3,"走り書きのメモ
説明：少し破れているため、
　　　一部の文字が読めない
-------------------------------------------------
<i>「時間が流れてない、外がずっと
夜のままだ……」</i>
<i>「かなりの時間が経った……ここは
病院じゃない……」</i>
<i>「ミン……逃げろ」</i>",
常態調查物件,教學關_軌道顯示器,"軌道モニター
メーカー：ダイトウ機電
型番：#A1
用途：投影（遠隔操作可能）
説明：一般的な病院設備",
常態調查物件,教學關_顯示器開關,"モニタースイッチ
メーカー：ダイトウ機電
型番：#A1
用途：軌道モニターの電源制御
説明：旧式のレバー型",
常態調查物件,教學關_電子門鎖,"電子ロック
メーカー：****（情報制限）
型番：#U-414 軍用合金
説明：破壊不可、外部でのみ開閉可能
状態：ロック",
常態調查物件,教學關_注射器(藍),"注射器
型番：****（情報制限）
型番：#E0-4
説明：青色の謎の液体の入った注射器",
常態調查物件,教學關_注射器(紅),"注射器
型番：****（情報制限）
型番：#E2-5
説明：赤色の謎の液体の入った注射器",
常態調查物件,教學關_電子告示板,"電光掲示板
メーカー：ダイトウ機電
型番：#F7-X001 大型
用途：投影（遠隔操作可能）
説明：一般的な病院設備、病院関連の
　　　医療情報が表示されている。",
常態調查物件,教學關_蔡明翰,"ミン･ツァイ
性別：男性（20代）
状態：改造完成-内臓交換
説明：12部門の実験体として登録完了
備考：注射装置搭載済み、校合者が
　　　番号を入力すると、指定物質を
　　　注射できる。",
常態調查物件,教學關_活著阿翰,"ミン･ツァイ
性別：男性（20代）
状態：再生中（ナノ赤虫 #E2-5 ）
説明：12部門の実験体として登録完了
状態：頸部に重傷（命に別状なし）",
常態調查物件,教學關_死亡阿翰,"ミン･ツァイ
性別：男性（20代）
状態：死亡
説明：12部門の実験体として登録完了
死因：頸部の重傷",
常態調查物件,主角家_麻咖摸豆,"マカモト
メーカー：アサビ
説明：安くて効果がよく、メーカーが
　　　変わっても人気な商品。",
常態調查物件,主角家_白鴿郵政便利箱,"シロハト配達の箱
メーカー：シロハト配達
説明：90Cm仕様、未開封、
　　　埃が被っている。
　　　差出人はゲン･テイ、
　　　住所は中央区。",
常態調查物件,主角家_達可全瓶裝水,"ダック
メーカー：ダックドリンク
説明：3分の1しか入っていない水。
－－－－－－－－－－－－－－－－－
<color=#DCDC59>　　　※ボトルフリップに最適</color>",
常態調查物件,主角家_房間控制器,"ルーム制御端末
メーカー：ダイトウ機電
説明：手動で部屋中のすべての電気を
　　　コントロールできるリモコン。",
常態調查物件,主角家_大蠢瓜脆管酥,"フール巻き
メーカー：ハッピーフード
説明：管状のチョコクッキー。子供が
　　　よくたばこに見立てて遊ぶため、
　　　PTAのクレームを受けている。",
常態調查物件,主角家_PL8,"PL8
メーカー：ソネエンタテインメント
説明：シリーズ初のスティックを完全に
　　　排除した据え置きゲーム機。
　　　プレイヤーの細かい動きで
　　　遊ぶことができる。
　　　ちょっと古いタイプ。",
常態調查物件,主角家_複合式消耗量表,"複合式エネルギーメーター
メーカー：ビッグウェイエネルギー実業
説明：電力、ガス、水の消費状況を
　　　記録できる。",
常態調查物件,主角家_廚房長形門簾,"キッチンのカーテン
メーカー：イケヤ
説明：汚れにくくて交換が簡単。",
常態調查物件,主角家_香橘洋芋片,"ミカンポテチ
メーカー：ハッピーフード
説明：ミカンの味がするポテチ。
　　　爽やかで女性OLに人気。",
常態調查物件,主角家_嘎蹦脆亞洲薯條,"フレッツアジアポテト
メーカー：ハッピーフード
説明：発売以来人気の商品。
　　　空洞のフライドポテトに
　　　トマトベースのスパイス、
　　　年齢問わず人気の一品。",
常態調查物件,主角家_巧手餅乾盒,"不思議クッキー
メーカー：サイホークッキー
説明：鉄包装のクッキー。すでに
　　　開封されており、中身が
　　　クッキーなのか、それとも
　　　裁縫用品かは分からない。",
常態調查物件,主角家_玉米百合的畫,"イキシアの絵
メーカー：不明
説明：蚤の市で購入した絵。
　　　イキシア・マキュラータの
　　　花言葉も書いてある。
　　　「秘めた恋、誇り高い」",
常態調查物件,主角家_春聯,"春聯
説明：逆さに張られている春聯。
　　　「春が到来」という意味。",
常態調查物件,主角家_PL-E遊戲音響,"PL-Eゲームスピーカー
メーカー：ソネエンタテインメント
説明：PL8豪華版のスピーカー。
　　　浮遊技術で浮かせている。",
常態調查物件,主角家_雲球音響,"クラウドスピーカー
メーカー：ソネエンタテインメント
説明：浮遊技術で作った高音質の
　　　スピーカー。PL8豪華版の予約
　　　特典でしか入手できない。",
常態調查物件,主角家_酒釀奶油香酥片,"アルコールクッキー
メーカー：ヤスビスナック
説明：アルコールが入れられている
　　　クッキー。アルコール度数が
　　　高く、大人でも酔うため、
　　　発売して3ヶ月後販売禁止
　　　された。",
常態調查物件,主角家_嘎蹦脆亞洲薯條,"フレッツアジアポテト
メーカー：ハッピーフード
説明：発売以来人気の商品。
　　　空洞のフライドポテトに
　　　トマトベースのスパイス、
　　　年齢問わず人気の一品。",
常態調查物件,主角家_第83屆-小小駭客比賽季軍獎盃,"第83回-少年ハッカーコンテスト3位
主催：民権小学校
説明：派手な見た目をしているプラス
　　　チックのトロフィー。学校の
　　　コンテストでよく使われている。",
常態調查物件,主角家_熱美式咖啡,"ホットコーヒー
メーカー：ナクドナルド
説明：老舗ファーストフードチェーンの
　　　コーヒー。五十年に渡って北区の
　　　サラリーマンの朝の思い出。",
常態調查物件,主角家_土鳳梨酥,"パイナップルケーキ
メーカー：ホリの町
説明：ネットで人気がついて、今でも
　　　ネットスラングとなっている
　　　有名な商品。",
常態調查物件,主角家_投影照片3,"ホロフォト
説明：リンの写真。フランクな服で、
　　　旅行写真のようだ。
コメント：良い写真！彼氏最高！",
常態調查物件,主角家_投影照片2,"ホロフォト
説明：ジェイとリンのツーショット。
　　　二人ともジャージ姿で、
　　　スポーツをした後のようだ。
コメント：健康のために、今日から
　　　　　ダイエット勝負！",
常態調查物件,主角家_投影照片1,"ホロフォト
説明：ジェイとリンのツーショット。
　　　二人はとても嬉しそうだ。
コメント：10月27日は私の誕生日だから
　　　寿司ディナーよ！",
常態調查物件,主角家_氣象動態月曆,"月間天気予報
メーカー：ダイトウ機電
説明：天気を映像で表現する
　　　電子カレンダー。
　　　2049年12月と表示されている。",
常態調查物件,主角家_智能房間管家V3,"スマートルームキーパーV3
メーカー：ダイトウ機電
説明：部屋で集めたデータを分析し、
　　　クラウドにアップロードする。
　　　自動で部屋中の家電を
　　　最適化する。
-------------------------------------------------
状態：オフライン中、環境データ観測
　　　設備と繋がっていないようだ。
-------------------------------------------------",
常態調查物件,主角家_木製相框,"木縁の写真
説明：ジェイとリンのツーショット。
　　　仲よさそうな二人が映っている。",
常態調查物件,主角家_生成相框,"生成フレーム
メーカー：ダイトウ機電
説明：ホログラムで映像を映し出す。
　　　各種画像を高解像度で
　　　映し出せる。",
常態調查物件,主角家_本月地震發電日期公告,"今月の地震発電通知
種類：コミュニティ通知
説明：ビッグウェイエネルギー実業より、
　　　12/31に人工地震発電を行います。
　　　家具の転倒にご注意ください。
-------------------------------------------------
予想発電量：753億kWh
発電設備：アイレニックリム-「地牛」
電気料金調整：北区の電気料金
　　　　　　　1kWhにつき-9円
-------------------------------------------------",
常態調查物件,主角家_沉沒意志.exe,"マインズ・ビニース・アス.exe
説明：¥̵̧̢̬͖͎̥ͦ̍̌̚ͅ*̵̴̟̣̲̤̪̱̄͐ͨͪͯͫ̏ͅ{̗̖͕̬̐ͤ*̞̦̺̠̺̙̎̐ͦ̇̐̀ͥ?̆͑̒̿̆҉̩̳%ͭͥ̌ͤ͗ͣͫ̔͊͏͙̬̯̪͉̤̦͉͘]̢̛̳͈͔͓̝̘ͨ͢€̘͈̰̮̱̖͛̈́̇̌͋̎̀͞ͅ<̛̹͇ͬ̏̎ͪ+̸͈͖͈̱̺̘͚̞̣͆̓͝?̧̪̱̺̠̝̟͗̔'̶̐̅̆̿̒̊ͨͫ͏̩̥̼w̰͖͎̣̘̃͆ͯͯͤ̽̈ͬb̧̛͍̪̩̦̯ͫ̒͊̉͒c̹̗̯̭̠̏̄̾̍ͫï͖͇̼̦̅͞͡¥͔̙̀ͤ͠;̨͚̬̏ͥ̂ͯ̐ͫͩ¥̵̧̢̬͖͎̥ͦ̍̌̚ͅ*̵̴̟̣̲̤̪̱̄͐ͨͪͯͫ̏ͅ{̗̖͕̬̐ͤ*̞̦̺̠̺̙̎̐ͦ̇̐̀ͥ?̆͑̒̿̆҉̩̳%ͭͥ̌ͤ͗ͣͫ̔͊͏͙̬̯̪͉̤̦͉͘]̢̛̳͈͔͓̝̘ͨ͢€̘͈̰̮̱̖͛̈́̇̌͋̎̀͞ͅ<̛̹͇ͬ̏̎ͪ+̸͈͖͈̱¥̵̧̢̬͖͎̥ͦ̍̌̚ͅ*̵̴̟̣̲̤̪̱̄͐ͨͪͯͫ̏ͅ{̗̖͕̬̐ͤ*̞̦̺̠̺̙̎̐ͦ̇̐̀ͥ?̆͑̒̿̆҉̩̳%ͭͥ̌ͤ͗ͣͫ̔͊͏͙̬̯̪͉̤̦͉͘]̢̛̳͈͔͓̝̘ͨ͢€̘͈̰̮̱̖͛̈́̇̌͋̎̀͞ͅ<̛̹͇ͬ̏̎ͪ+̸͈͖͈̱̺̘͚̞̣͆̓͝?̧̪̱̺̠̝̟͗̔'̶̐̅̆̿̒̊ͨͫ͏̩̥̼w̰͖͎̣̘̃͆ͯͯͤ̽̈ͬb̧̛͍̪̩̦̯ͫ̒͊̉͒c̹̗̯̭̠̏̄̾̍ͫï͖͇̼̦̅͞͡¥͔̙̀ͤ͠;̨͚̬̏ͥ̂ͯ̐ͫͩ¥̵̧̢̬͖͎̥ͦ̍̌̚ͅ*̵̴̟̣̲̤̪̱̄͐ͨͪͯͫ̏ͅ{̗̖͕̬̐ͤ*̞̦̺̠̺̙̎̐ͦ̇̐̀ͥ?̆͑̒̿̆҉̩̳%ͭͥ̌ͤ͗ͣͫ̔͊͏͙̬̯̪͉̤̦͉͘]̢̛̳͈͔͓̝̘ͨ͢€̘͈̰̮̱̖͛̈́̇̌͋̎̀͞ͅ<̛̹͇ͬ̏̎ͪ+̸͈͖͈̱",
常態調查物件,司徒基地_雜貨堆,"荷物の山
説明：紙箱には大量の食べ物と着替えが入っている。
　　　ほとんどがジャンクフードである。",
常態調查物件,"司徒基地_監視設備
","監視設備
説明：監視カメラの制御台。無数のカメラや盗聴設備と繋がっている。
　　　現在この大型マンションの全ての出入り口が映し出されている。",
常態調查物件,"司徒基地_量子加密中繼器
","量子暗号中継装置
説明：指定したデバイスを量子暗号化できる装置。
　　　特定な光ファイバーが使われている。
　　　この装置は大量な演算ができる。　",
常態調查物件,"司徒基地_個人電腦
","コンピューター
説明：型番不明のパソコン、誰かが自作したものに見える。
　　　数多くのハッキングデバイスと接続している。
備考：所持するのは違法です。",
常態調查物件,"司徒基地_裝備箱_爆裂物
","装備箱
説明：軍用装備箱。厳かな見た目をしている。
　　　ほとんどのスキャンを遮断できる。
備考：「爆発物」のシールが貼られている。",
常態調查物件,"司徒基地_裝備箱_23的電腦
","装備箱
説明：軍用装備箱。厳かな見た目をしている。
　　　ほとんどのスキャンを遮断できる。
備考：「落としたら一生借金生活だ」のシールが貼られている。",
常態調查物件,"司徒基地_投影裝置
","投影装置
説明：小型の投影装置。
　　　解像度と安定性を犠牲に、
　　　小型化にしている。
　　　",
常態調查物件,"司徒基地_灣北啤酒
","北区ビール
メーカー：北区クラフト
説明：人々に愛されている国民的ビール。
　　　",
常態調查物件,工地_白蠍幫標誌,"ホワイトスコーピオンのマーク
説明：ホワイトスコーピオンが縄張りを示すためのマーク。
　　　ホワイトスコーピオンは最近にできた小型ギャングであり、
　　　主に沈没予定エリアで活動している。
　　　メンバーのほとんどはゴミ溜めの住民であり、密輸稼業をしている。
　　　特段に北区警察にマークされていない組織である。",
常態調查物件,工地_施工告示,"工事看板
工事名：ヨウカビル
施主：ヨウカ建設グループ
説明：ずっと前から誰かに引き外され、ここに捨てられている。",
常態調查物件,工地_抗議傳單,"デモのビラ
説明：複数名の作業員の名前が載っているビラ。
　　　ヨウカグループの不正解雇や、
　　　賃金未払いについての抗議が書かれている。",
常態調查物件,工地_發電機,"発電機
説明：旧型のディーゼル発電機。
備考：所持するのは違法です。",
常態調查物件,工地_SA1警報裝置,"SA1アラート
説明：旧型のエリアアラート。
　　　自動で環境の変化を認識し、観測警報を鳴らす。
　　　しかし観測範囲が狭く、大量に設置する必要がある。",
常態調查物件,工地_靶場鐵則,"射撃場のルール
説明：マーカーで手描きされている文字。
内容：せっかくデカが知らない射撃場を見つけたんだ、
　　　しっかりとルールを守れよ！
　　　一つ、自分の銃は自分で保管する。なくしても他人のせいにしない！
　　　一つ、最後に使った人が帰る時は必ずアラートを付けろ！
　　　＊前回は何箱も弾がパクられたんだ。アラートをつけ忘れた奴は的代わりにするぞ！",
常態調查物件,眠神設施_門牌:監控室,ドアプレート：監視室,
常態調查物件,眠神設施_緊急抽風裝置,"緊急換気装置
説明：常に空気状況を観測し、
　　　ディープビーチ気体の漏れを感知した時に起動する。
　　　",
常態調查物件,眠神設施_容器,"容器
説明：特注の容器、使い方は不明。
　　　「死亡した演算単子」とマークされている。
備考：「廃棄予定」のシールが貼られている。",
常態調查物件,眠神設施_門牌:警衛室正門,"ドアプレート：警備室の正門
説明：緊急状況以外は使用禁止。",
常態調查物件,眠神設施_門牌:警衛室側門,ドアプレート：警備室の裏口,
常態調查物件,眠神設施_門牌:月台,"ドアプレート：ホーム
説明：シロキューのホームへ続く",
常態調查物件,眠神設施_深灘同步模型,"ディープビーチ情報パネル
説明：ディープビーチの状態が表示されている。
　　　ディープビーチで稼働中の演算単子：254,000体。
　　　そのうち40.83%の演算力が外部へと提供され、
　　　残りの演算力は眠り神へ提供されている。",
常態調查物件(工廠),通用_飲料機,"自動販売機
説明：ダイトウ機電が開発した旧型飲料機、
　　　手動で補充する必要がある。
備考：「万象の職員無料」",
常態調查物件(工廠),通用_SV監視器,"SV監視装置
説明：サンライズが生産した
　　　多機能監視装置。
　　　独自で監視すべき目標を追跡できる。",
常態調查物件(工廠),通用_門牌:廁所,"ドアプレート：トレイ
トレイ",
常態調查物件(工廠),通用_門牌:茶水間,"ドアプレート：給湯室
給湯室",
常態調查物件(工廠),通用_酒精消毒機,"アルコール消毒器
説明：万象が生産したアルコール消毒装置。
備考：「ウィルスを施設内に持ち込まない
　　　ように、面談、契約後は必ず
　　　消毒してください」",
常態調查物件(工廠),通用_垃圾桶,"ゴミ箱
説明：イケヤが生産した電子ゴミ箱。
　　　センサーがついており、ゴミが
　　　いっぱいになると、自動で掃除
　　　ロボットに知らせる。",
常態調查物件(工廠),通用_氣送管投放口,"エアカプセル投入口
説明：万象のエア輸送システムの投入口。
　　　カプセルを入れると、自動で目的地に
　　　運ばれる。",
常態調查物件(工廠),通用_氣送終端機,"エアカプセル出口
説明：万象のエア輸送システムの出口。
　　　ここでカプセルを受け取れる。
　　　指定すると、ロボットが手元まで
　　　自動で運んでくれる。",
常態調查物件(工廠),通用_運輸機器人R2,"運搬ロボットR2
説明：サンライズが開発した運搬ロボット。
　　　シンプルなAIが搭載されており、周り
　　　の環境分析や、簡単な応答ができる。
　　　アタッチメントを変えると、簡単に
　　　様々なものを運ぶことができる。",
常態調查物件(工廠),通用_R2充電座,"R2充電スタンド
説明：運搬ロボットR2の充電スタンド。",
常態調查物件(工廠),通用_廣播喇叭,"スピーカー
説明：サイレントに制御されている
　　　スピーカー。
　　　アナウンスが流された時、一般の職員
　　　は直ちに指示に従う必要がある。
　　　レベル3以上の管理者はその場の状況
　　　に合わせて自分で判断してください。",
常態調查物件(工廠),通用_寂靜中樞接口,"接続端子
説明：工場の各所に設置されている端子。
　　　有線接続をして、指令を送ったり、
　　　資料をダウンロードしたりできる。
備考：「無線が不安定の時は
　　　接続端子を使ってください。」",
常態調查物件(工廠),通用_廁所_使用次數公告,"トイレ使用回数のお知らせ
説明：告知。
備考：「毎日のトイレ使用回数は5回に
　　　変更され、6回以上使用したものは
　　　効率低下と認定される」",
常態調查物件(工廠),通用_廁所_Fyson烘手機,"タイゾンドライヤー
説明：高級ブランドダイゾンの
　　　新型ドライヤー。",
常態調查物件(工廠),通用_茶水間_食品存放須知,"食品保存規定
説明：告知。
備考：「他人が置いた食品、ドリンクを
　　　盗み食いしないでください。
　　　評価システムの監視対象になります」",
常態調查物件(工廠),通用_茶水間_微波爐使用須知,"電子レンジ使用規定
説明：告知。横に手描きの紙が貼られている。
備考：「臭いものを電子レンジに
　　　入れないでください。」
　　　「クサヤを温めてる野郎！
　　　見つかったら絶対
　　　ぶっ殺してやる！！！」",
常態調查物件(工廠),通用_茶水間_氣炸鍋,"エアフライヤー
説明：ダイトウ機電が作った
　　　エアフライヤー。
　　　あえて旧型のデザインを使っている。",
常態調查物件(工廠),月台_門牌:警衛室,"ドアプレート：警備室
説明：工場警備員が滞在している部屋。",
常態調查物件(工廠),建修_斷接裝置,"エレベーターの制御台
説明：セラーのエレベーターの
　　　電力を制御する装置。
　　　エレベーターが故障した時、
　　　この装置で電力を供給し、
　　　一部の機能を維持できる。
備考：ペンキの剥がれ具合を見るに、
　　　この装置はよく使われている。",
常態調查物件(工廠),建修_門牌:組員休息室,"ドアプレート：休憩室
説明：修築組の休憩室。",
常態調查物件(工廠),建修_門牌:地窖維修通道,"ドアプレート：セラー修理通路
説明：セラーのパイプへ繋がる通路。",
常態調查物件(工廠),簽約_門牌:面談大廳,"ドアプレート：面談ホール
説明：選別組が面談を行う場所。
　　　面談予定のない人は立ち入り禁止。",
常態調查物件(工廠),面談_點餐機,"食事オーダーマシン
説明：万象の職員はここで自由に
　　　社食を注文できる。
備考：「毎月の社食限度額に
　　　ご注意ください。
　　　限度額を超えた部分は
　　　2倍の罰金として給料から引かれる」",
常態調查物件(工廠),面談_門牌:面談大廳,"ドアプレート：面談ホール
説明：選別組が面談を行う場所。
　　　面談予定のない人は立ち入り禁止。",
常態調查物件(工廠),面談_大廳監控介面,"ロビー監視装置
説明：ロビーの様々なデータが
　　　表示されている。例えば空気品質、
　　　湿度、騒音レベルなど。
　　　通常はロビーの状態を確認するため
　　　の装置だが、緊急時はセキュリティ
　　　情報に切り替えられる。",
常態調查物件(工廠),篩選_紫水晶和風水球,"紫水晶と風水玉
説明：金運を上げる装飾品。
　　　台座に文字が刻まれている。
備考：「初心を忘れべからず」",
常態調查物件(工廠),篩選_烏龜缸,"カメの水槽
説明：カメを飼育するための容器。
　　　恐らくミシシッピアカミミガメが
　　　入っているが、生きているかどうかは
　　　わからない。",
常態調查物件(工廠),篩選_發財樹,"金の木
説明：マネージャー昇進時のプレゼント。
　　　文字が書かれたカードが添えられている。
備考：「昇進おめでとう。チャンスと責任は
　　　表裏一体だ。――セイワ･ゲン」",
常態調查物件(工廠),篩選_門牌:經理辦公室,"ドアプレート：マネージャーオフィス
説明：マネージャーのオフィス。",
常態調查物件(工廠),篩選_門牌:篩選組辦公室,"ドアプレート：選別組オフィス
説明：選別組のメンバーが働く場所。",
常態調查物件(工廠),篩選辦公室_心跳蹦蹦魔法少女公仔,"ドキドキ魔法少女のぬいぐるみ
説明：有名アニメ「ドキドキ魔法少女」の
　　　主人公「ゴールデンリーパーミム」の
　　　ぬいぐるみ。",
常態調查物件(工廠),篩選辦公室_糊糊怪玩偶,"ぐちゃぐちゃのフィギュア
説明：人気なガチャガチャ。
　　　一番人気なのはうんこ
　　　の形をしている「クサコ」。",
常態調查物件(工廠),篩選辦公室_篩選組合照,"選別組の写真
説明：選別組のメンバーの集合写真。
　　　食事会、授賞式などの写真が
　　　貼られている……",
常態調查物件(工廠),篩選辦公室_生日慶祝板,"誕生日の祝福
説明：ダンボールで作られており、
　　　イー･テイへの誕生日祝福が、
　　　びっしり書かれている。",
常態調查物件(工廠),篩選辦公室_升遷慶祝板,"昇進の祝福
説明：ダンボールで作られており、
　　　イー･テイが選別チーフになり、
　　　選別組の皆がくれたもの。
　　　祝福以外に、無理な願いも書かれている。
　　　例えば賃金上げ、ビールのフリードリンク
　　　提供など……",
常態調查物件(工廠),篩選辦公室_仙人掌盆栽,"サボテンの盆栽
説明：マミラリアサボテン。
　　　プランターに筆ペンの文字が
　　　書かれている。
備考：「どんなときでも上を向かなきゃ、
　　　チキョウ･リョウ」",
常態調查物件(工廠),篩選辦公室_廠房運作狀態介面,"サイレント稼働状況パネル
説明：演算工場「サイレント」の
　　　各種のデータが映し出されている。
　　　例えば演算力供給量、接続安定度、
　　　クライアントの注文など。",
常態調查物件(工廠),寂靜大廳_電子看板,"電子パネル
説明：03号演算工場-サイレントの歴史が記されている。
-------------------------------------------------------------------------
サイレントは万象グループの中で、初めて地下化がされた演算工場である。
それは技術の革新であり、新たな時代を切り拓いた象徴である。
サイレントは、万象グループの輝かしい未来である。",
常態調查物件(工廠),寂靜大廳_安保掃描器,"セキュリティ装置
説明：サンライズが生産した
　　　簡易型X線スキャナー。
　　　職員が武器、違法メモリーの
　　　携帯していないかをチェックしている。",
常態調查物件(工廠),頂樓_電子告示牌,"電光掲示板
説明：解像度の高い電光掲示板。
　　　「このエレベーターは権限を所有している者
　　　のみが使用できる。乗り降りがスムーズに
　　　なるように、権限のないものは距離を
　　　離れてください。」",
常態調查物件(工廠),頂樓_停機坪管理介面,"発着ポート制御パネル
説明：ドローンメンテナンスに関する情報が多数表示されている。
　　　例えば上級職員のスケジュール、燃料の減り、メンテナンス情報など。
備考：このパネルはレベル6以上の権限が必要。",
常態調查物件(工廠),地窖_停車場管理介面,"駐車場パネル
説明：地下駐車場の制御パネル。車両パレットを移動できる。",
常態調查物件(工廠),地窖_送架系統介面,"棚上げシステムパネル
説明：操作組の職員が棚上げに関する操作を行う装置。",
常態調查物件(工廠),地窖_固定釘槍,"ネイルガン
説明：天井に固定されているネイルガン。電気とガスで発射する。
　　　マイナーについているパーツをスロット固定するための装置。",
常態調查物件(工廠),地窖_固定鋼板,"スロット
説明：スチール製、セラーに輸送できるスロット。
　　　生命維持装置や演算力供給端子などがついている。",
常態調查物件(工廠),地窖_送架UPS,"棚上げUPS
説明：棚上げシステムの緊急電源。
　　　棚上げがいきなり中止されると大事故が起きるため、
　　　棚上げの装置は全て独立な電力源がつけられている。",
常態調查物件(工廠),地窖_多站送架協調系統,"棚上げステーション配分装置
説明：メインステーション以外棚上げはほとんど自動化されている。
　　　マイナーが送り込まれた時、複数のステーションに配分される。
　　　配分はサイレントが自動で行っているが、誰かが安全確認を行う必要がある。",
常態調查物件(工廠),地窖_升降梯,"リフト
説明：本来はただの階段だったが、
　　　頻繁に使われるため、リフトに改造された。",
常態調查物件(工廠),地窖_地窖電梯控制面板,"セラーエレベーター制御台
説明：エレベーターが故障したら、
　　　ここで手動で指令を送れる。",
常態調查物件(工廠),地窖_門牌:操作組長辦公室,ドアプレート：操作組チーフオフィス,
常態調查物件(工廠),地窖_門牌:氣送中心,"ドアプレート：エア輸送センター
説明：万象工業エリアと繋がっているエア輸送ステーション。
　　　対外輸送を行う重要な施設であり、様々なサイズのものを輸送できる。",
常態調查物件(工廠),地窖_門牌:外部人員通道,"ドアプレート：部外者専用通路
説明：部外者がセラーに入るための通路。
　　　部外者専用エレベーターでのみ進入できる。厳重なセキュリティがしかれている。
　　　ほとんどはマイナーが使っている。",
常態調查物件(工廠),地窖_乖乖零食,"良い子ちゃんスナック
説明：期限が過ぎているココナッツスナック。
備考：このスナックを食べると仕事が上手く行くとエンジニアたちが信じている。",
常態調查物件(工廠),雜誌_加密安全,"デジタル雑誌
タイトル：暗号化の終焉
内容：AIが流光する現代社会では、伝統の暗号化方式は簡単に破けられる。
　　　それに対抗するために、多くの大企業は再び
　　　紙ファイルによる保管方法を使い始めた。
　　　その一方、量子暗号化技術は急速に発展しており、将来主流の暗号化方式になる可能性が高い。",
常態調查物件(工廠),雜誌_人類獨特性焦慮,"デジタル雑誌
タイトル：人類特有の焦り
内容：演算力供給技術の発展と共に、我々が人類の脳に対する研究も
　　　日に日に進んでいる。
　　　しかし近年、関連分野の研究者の中から極めて特殊なノイローゼが発生している。
　　　つまり「人類特有の焦り」である。
　　　脳の原理をより理解できたため、彼らは脳と機械を
　　　本質的に区別できなくなった。
　　　そのせいで、彼らは魂の存在や、
　　　意識を否定し始めた。
　　　この症状の発生により、学界の中では再び心に関する研究がブームになっている。",
常態調查物件(工廠),雜誌_李鍾燁,"電子雑誌
タイトル：今年の100人――シュウカ･リー
内容：今週の表紙を飾るのは万象グループの取締役、シュウカ･リーである。
　　　シュウカさんの出身は裕福家庭ではなく、最初は収入が安定する公務員だった。
　　　しかし彼には商業の才能があり、いつも投資できるチャンスが探し求め、
　　　いつも成長性のある企業を発見できる。
　　　もちろん、万象グループのその内の一つだ。
　　　しかし政府の調査部長として、民間企業と親し過ぎている部分は非議を呼んでいた。
　　　自分の潔白を示すため、彼は数年前に自ら第一線を退け、
　　　今は万象の取締役を勤め、
　　　かつての人脈を使って、万象と政府の橋渡し役になっている。",
常態調查物件(工廠),雜誌_工業區,"デジタル雑誌
タイトル：タイゴウエリアとゴミ溜め
内容：北区の郊外にあるタイゴウ工業エリアは創設時から犯罪が満ちあふれていた地域であった。
　　　この地域は本来、大量な違法建築と貧民がおり、
　　　工事をするための立ち退き作業は非常に困難だった。
　　　最後はビッグウェイグループが力を発揮し、工業エリアの基盤の整え、
　　　万象、サンライズなどの大企業を
　　　招致した。
　　　本来の貧民街は工業エリアの郊外に移動されたが、地域の発展により
　　　大量な就職先が生まれた。
　　　今日に至っては、タイゴウ工業エリアと貧民街は奇妙な共存関係になっている。",
常態調查物件(工廠),雜誌_人腦或電腦,"デジタル雑誌
タイトル：人脳、それとも電脳？
内容：演算力供給技術が台頭する前、人脳と電脳のどちらが優れているかの論争はずっと続いてきた。
　　　客観的に見ると、人脳の計算力は電脳より遙かに劣ることは誰もが認める事実である。
　　　しかし人脳はエネルギー消費と学習効率については電脳を凌駕する。
　　　その観点では、演算力供給工場はその両方の優位性を十分に発揮している。
　　　万象はクライアントに大量な情報を処理し、即座に判断できるサービスを提供している。
　　　しかもクライアントの要望に合わせ、迅速に自己学習することができる。",
常態調查物件(工廠),雜誌_訊息文化霸權,"デジタル雑誌
タイトル：AI時代で消えゆく多様性
内容：この時代では、我々はAIなしでは生活できなくなっている。
　　　しかし読者の皆さん、この便利な生活に目を眩み、何か大事なものを捨てて居ないか？
　　　我々は多くの決断をAIに委ね、我々はAIに選別された情報しか目にできなくなっている。
　　　「ビッグデータ」の訓練を受けているAIは、
　　　本当に客観的に情報を選別できるのだろうか？
　　　AIは人気のないものをそぎ落とす力を持っている。
　　　例えば各地の方言がゆっくりと消滅している！
　　　言い換えれば、我々の生活習慣、考え方はAI依存により、
　　　だんだん統一されてしまうのだ！",
常態調查物件(工廠),雜誌_環境紀錄器,"デジタル雑誌
タイトル：環境記録装置
内容：犯罪率が年々上がっており、民衆は自分を守る手段を探している。
　　　サンライズグループの子会社、ウィアテクノロジが出している環境記録装置が今人気商品となっている。
　　　この装置は周りの環境を記録でき、最初は旧型の監視カメラの代わりとして、警察が運用し始めていた品物である。
　　　記録装置は完璧に当時のシチュエーションを復原できるため、事件の再現に最適だった。
　　　技術の進歩と共に、今は小型化され、
　　　夜道を歩く女性の強い味方になっている。",
常態調查物件(工廠),"雜誌_蘭花暴亂
","デジタル雑誌
タイトル：蘭花運動から見るジェネレーションショック
内容：18年前の蘭花運動はまだ記憶に新しい。
　　　最近、この事件は再びネットで話題になっている。
　　　話題になった原因はあるスレッドによるものだった。
　　　とある新卒大学生が今の不景気は
　　　蘭花運動によるものだと指摘した。
　　　スレッドの中、彼はあの世代の人々が誤った行動を起こし、
　　　全社会に大きなダメージを与えたにも関わらず、
　　　今や会社の管理職につき、良い生活をしていることに彼は怒りをぶちまけた。
　　　このスレッドはすぐ炎上し、様々な議論を呼び起こした。
　　　その中、蘭花運動を運動と呼ぶか、それとも暴動と呼ぶかが一番の論点となった。",
常態調查物件(工廠),"雜誌_無限能源
","デジタル雑誌
タイトル：電力自由と人権
内容：超導体の発見により、エネルギーの輸送や貯蔵は大きな進歩を成し遂げた。
　　　それから地熱と地震発電技術の発展により、電力コストは何倍も下がっている。
　　　そして近年、社会の間電力無料化は基本権益であると
　　　訴える声が増えている。
　　　彼らは電力民営化を廃止し、エネルギー産業を
　　　政府の管理に戻し、
　　　基本権益として全ての人に無料で電力を提供すべきだと訴えている。
　　　先日、ビッグウェイグループの執行官がインタビューを受け、そう言った言論に水をかけた。
　　　「コストが低いだけで、コストがかからない訳ではない。料金は市場に決めて貰うべきだ。」
　　　「民営化は競争を生み、会社の効率を高められる。近年のビッグウェイの業績は一番の証拠だ。」",
常態調查物件(工廠),"雜誌_義肢
","デジタル雑誌
タイトル：強化義肢改造合法化
内容：近日、国内の人権組織は政府に向かって強化義肢の改造自由を合法化すべきだと訴えた。
　　　人権組織はアメリカの政策を引用し、義肢の合法化をしないのは
　　　障がい者の人権侵害だと訴えた。
　　　しかし一方、行政院は「義肢の合法化は社会通念上難しい。
　　　合法化をすると、付随する管理問題が数多く発生する。現代の義肢技術は非常に複雑であり、
　　　監督管理の難易度が非常に高い。
　　　そして武器義肢のセキュリティチェックも非常に難しく、
　　　合法にしてしまうと、公共の場の安全性が保証できなくなるリスクがある。
　　　その証拠としてアメリカでは何度も武器強化義肢によるテロリストが起きている。
　　　立法会では義肢使用者を出入り禁止にさせるとの案も出ているが、そうなると逆に障がい者の差別になってしまう。
　　　そのせいで合法化は非常に難しい。」
　　　国内の義肢合法化は以前、膠着状態である。",
常態調查物件(工廠),雜誌_隱密性立法,"デジタル雑誌
タイトル：職権濫用？公平？秘密立法について
内容：蘭花運動の時代では、秘密立法は最も議論を呼んだ制度改革の一つである。
　　　秘密立法の主旨は干渉を排除することである。
　　　つまり、立法する法案が明らかに社会利益をもたらす時、
　　　公開審議をせずに秘密に立法することができることを指す。
　　　こうすれば、公開審議段階による不正やワイロを防ぐことができる。
　　　---------------------------------------------------------------------------------------------------
　　　この制度が許可された後も、よく反論の声が上がっている。
　　　反対者たちは、政府が監督されなくなることを心配している。
　　　筆者は、こういった心配は理解できるが、目先のことしか考えていないと指摘したい。
　　　まず、秘密立法された法案は民意の元で撤回される可能性がある。
　　　そして、立法者はそもそも民主選挙によって選ばれた人選であり、社会は彼らを罷免する自由を持っている。
　　　つまり、秘密立法に反対するのは民衆の短絡的な心配であり、制度を理解した後の判断ではないと言えるでしょう。",
常態調查物件(工廠),特殊_配電箱,"配電盤
説明：B2フロアの配電盤。",
常態調查物件(工廠),特殊_地窖電梯次要電力閥,"セラーエレベーターのサブスイッチ
説明：セラーエレベーターのサブ電力の制御スイッチ。",
互動,使用,使用,
互動,坐到上面,座る,
互動,對話,話す,
互動,開始對話,話す,
互動,閱讀,調べる,
互動,關閉顯示器,モニターを消す,
互動,敲門,ノックする,
互動,翻水瓶,フリップする,
互動,開門,扉を開ける,
互動,關門,扉を閉める,
互動,坐下,座る,
互動,開啟顯示器,モニターをつける,
互動,拿取,取る,
互動,出去,出る,
互動,進入,入る,
互動,換上制服,制服に着替える,
互動,回到建修組,修築組に戻る,
互動,等待,待つ,
互動,上車,乗る,
互動,上貨車,トラックに乗る,
互動,前往操作組,操作組に行く,
互動,使用電腦,パソコンを使う,
互動,買飲料,ドリンクを買う,
互動,啟動送架,棚上げする,
互動,使用升降梯,リフトを使う,
互動,歸還通行證,パスを返す,
互動,修復配電盤,配電盤を直す,
互動,搬起,持ち上げる,
互動,拆下轉送器,転送機を外す,
互動,取走通行證,パスを取る,
互動,歸還通行證,パスを返す,
互動,等待電梯,エレベーターを待つ,
互動,進入貨車,トラックに乗る,
互動,安裝破解器,ハックユニットを繋げる,
互動,裝上轉送器,転送機をつける,
互動,聯絡23,23号に連絡する,
互動,關閉電源,電源を切る,
互動,取回,取り戻す,
互動,搜索,探す,
互動,回家,家に帰る,
互動,睡覺,寝る,
互動,搭電梯,エレベーターに乗る,
互動,拿起,拾う,
互動,洗澡,シャワーを浴びる,
互動,抱起,抱き上げる,
互動,摸狗狗,犬を撫でる,
互動,看電視,テレビを見る,
互動,離開,離れる,
任務,教學關_獲取關鍵情報,"肝心な情報を手に入れる
椅子に座り、目標物の在処を探す",
任務,教學關_完成控制測試,"制御テストを完成
ミン･ツァイの死亡を確認する",
任務,第一日開場_我……,"俺……
俺は……",
任務,第一日開場_做好出門準備,"出かける準備をする
リンのハードディスクを探し、彼女に渡す",
任務,第一日開場_應門,"来客
誰かがインターホンを鳴らしている",
任務,第一日開場_和程芳一起出門,"リンと出かける
リンの準備が終わったら、一緒に出かけよう",
任務,第一日開場_搭公車上班,"バスで通勤する
今日は初出勤だ
リンと一緒にバスで工場へ向かう",
任務,第一日工廠_找到廠房經理的辦公室,"マネージャーオフィス
今日は初日だ。まずマネージャーの「イファ･ヨウ」のオフィスを探そう",
任務,第一日工廠_前輩的要求,"先輩の頼み
カイ･キュウにB4でドリンクを
買ってくるよう頼まれた。
確か頼まれたのはThe Wordで
The Wildではなかったはずだ",
任務,第一日工廠_更換制服,"制服に着替える
マネージャーに会う前に制服に
着替えないといけない。
トイレを探そう",
任務,第一日工廠_找廠房經理報到,"マネージャーのもとに向かう
制服に着替えたし、
後はマネージャーに会いに行くだけだ。
もうオフィスに戻っているのだろうか？",
任務,第一日工廠_前往篩選組辦公室,"選別組のオフィス
マネージャーに選別組で研修するよう言われた。
今日の研修次第で採用するかを判断するらしい。
選別組のオフィスでチーフのイー･テイを探そう",
任務,第一日工廠_閱讀面談對象的資料,"面談者のプロフィール
最初の仕事は演算力供給を希望している面談者を選別することだ。
チーフが戻ってくるまで、パソコンで彼らのプロフィールを読んでおこう",
任務,第一日工廠_告訴鄭緯我準備好了,"チーフにもとに向かう
面談の準備が終わったら、
チーフの席に来るように言われている。
だが、今なら他の人と話せるかもしれない",
任務,第一日工廠_前往面談大廳,"面談ホールへ向かう
選別組のチーフが面談ホールを案内してくれるらしい。
選別組での初仕事だ",
任務,第一日工廠_開始面談,"面談開始
これから4人の面談者と面談を行う予定だ。できるだけ詳しく情報を聞きだそう",
任務,第一日工廠_告訴經理我的選擇,"マネージャーに面談結果を伝える
マネージャーに面談結果を伝えよう。
正しい人選であれば、採用の可能性は大いに上がるはずだ。
だがもし間違えば……",
任務,第一日工廠_到篩選組辦公室找鄭緯組長,"選別組オフィスでイー･テイと会う
イー･テイに会うよう言われた。
契約の仕方を教えてくれるらしい",
任務,第一日工廠_前往簽約走廊,"契約室へ向かう
B4の契約室の前で、
イー･テイを待つようにと言われた。
契約の仕方を教えてくれるらしい",
任務,第一日工廠_前往簽約室,"契約室へ入る
イー･テイと一緒に契約室に入り、
契約を終わらせよう",
任務,第一日工廠_完成簽約,"契約
これから契約する予定の
二人と契約できたら、
採用の可能性が上がるはずだ。
契約条件の優遇のしすぎや、
契約ができなかった場合は、
逆に採用の可能性は厳しいそうだ。
慎重に判断しなければ",
任務,第一日工廠_跟著組長出去看看,"チーフの後を追う
急に職員が逃げ込んできた。
状況把握のため、急いで外へ飛び出した
イー･テイの後を追おう",
任務,第一日工廠_到篩選組辦公室找葉慈恩,"選別組オフィスでジーン･ヨウを探す
襲撃者を無事に取り押さえた。
チーフから、先にオフィスに戻り、
ジーン･ヨウに今日の業務を中止する
ように伝えてほしいと言われた",
任務,第一日工廠_打卡下班,"退勤する
まだ正式採用ではないため、
自分のパソコンでタイムカードを
押さないといけないと、
ジーン･ヨウに言われた",
任務,第一日工廠_曹泰銘找我幫忙,"タイミン･ソウの頼み
契約室の襲撃事件について話した後、
タイミンから頼みがあると言われた。
彼のもとへ向かおう",
任務,第一日工廠_請秘書讓我調閱健檢資料,"健康診断書の閲覧権限
タイミンはマネージャーからシンレイ･トンの調査を任されたらしい。
彼に協力するため、ジーンから面談者の健康診断書の閲覧権限をもらおう。

これは秘密調査のため、ジーンを含め、他言しないようにとタイミンに言われた",
任務,第一日工廠_調閱健檢資料,"健康診断書を調べる
閲覧権限を手に入れた。
自分のパソコンでシンレイ･トンの健康診断書を確認しよう",
任務,第一日工廠_告訴曹泰銘結果,"タイミンに結果を伝える
シンレイ･トンの健康状態は演算力供給に適していなかった。
しかし、システムの診断結果の欄はエラーになっている。
このことをタイミンに伝えよう",
任務,第一日工廠_到行政大廳跟程芳碰頭,"行政ホールでリンを待つ
リンから地上エリアへの権限をもらった。
エレベーターで1階の行政ホールに行き、彼女と合流しよう",
任務,第一日工廠_跟著芳,"リンについていく
かなり嬉しそうなリンは、
屋上を案内してくれるらしい",
任務,第一日工廠_把風,"見張り
俺の役目はイファ･ヨウを引き止めること……
俺は何でこんな役目を引き受けたんだ……",
任務,第一日工廠_看看吳晉峰的情況,"シンホン･ゴの様子を見に行く
時間稼ぎは上手く行っただろうか……？
様子を見に行こう",
任務,第一日回家_睡覺,"寝る
もう疲れた……
寝よう……",
任務,第二日開場_拿禮物,"プレゼントを回収
出かける前にリンに渡す予定の指輪を回収しよう。
確か扉の横の棚に置いたはずだ。
気に入ってくれるといいが……",
任務,第二日開場_出門會合,"リンのもとに向かう
リンとラーメンチャンで夕飯の約束だったな",
任務,第二日開場_去捷運站,"駅に向かう
初出勤のため、リンと一緒に
会社専用の通勤車――シロキューに乗る。
柄にもなく、緊張してきたな……",
任務,第二日工廠_報到,"出勤
トイレで着替えてから、
選別組のオフィスに行こう",
任務,第二日工廠_等待經理回來,"マネージャーを待つ
イファ･ヨウは昨日の襲撃事件の件で忙しいらしく、彼女が戻るまで暇になった。
先に、頼みがあると言っていた
チキョウ･リョウのもとへ行こう",
任務,第二日工廠_尋找何歆翊和林靜慧,"レイカ･ホウとセイ･リンを探す
チキョウ･リョウからレイカ･ホウと
セイ･リンを探してくれと頼まれた。
レイカ･ホウは修築組、セイ･リンは
契約室の廊下あたりにいるらしい",
任務,第二日工廠_聯絡操作組,"操作組に行く
今日から操作組で研修だ。
こちらでやり残したことがある場合は、
済ませておいたほうがいいだろう
その後は操作組の担当を紹介してくれる
イーテイのところに行こう",
任務,第二日工廠_和吳俊恩碰面,"シュン･ゴのもとに向かう
修築組で操作組のシュン･ゴと合流しよう。
「セラー」を案内してくれるらしい",
任務,第二日工廠_進入操作組,"操作組を見学
シュン･ゴが操作組を案内してくれる。
その案内が終わったらいよいよ研修が始まる……",
任務,第二日工廠_回報廖吉興,"チキョウ･リョウに報告する
セイ･リンとレイカ･ホウを見つけた。
しかしセイ･リンはハードディスクを失くしたため、
見つけるまでの時間稼ぎを彼女に頼まれた。
チキョウ･リョウに正直に伝えるべきだろうか……",
任務,第二日工廠_把硬碟交給廖吉興,"ハードディスクをチキョウ･リョウに渡す
警備室でハードディスクを見つけた。
これをチキョウ･リョウに渡せば、おつかい完了だ",
任務,第二日工廠_熟悉操作組,"操作組の人と話す
シュン･ゴが研修の指導ができる人を探してくれている。
この間に操作組の人と話すのもいいかもしれない",
任務,第二日工廠_開始學習送架,"棚上げ研修
セラ･キョウから棚上げのやり方を学ぶ。
上手くやらないと、
作業員として採用は難しいだろう",
任務,第二日工廠_幫助吳俊恩,"シュン･ゴを手伝う
棚上げ中に機械が故障し、
供給者の一人が怪我を負った。
シュン･ゴは彼を助けるために、
チーフに相談しに行っている。
何か彼の手伝いができないだろうか",
任務,第二日工廠_離開操作組,"操作組を離れる
事故により、研修が早めに終わった。
セラーの被害状況は思った以上に酷いようだ。
研修の状況をマネージャーに報告しよう",
任務,第二日工廠_葉經理的麻煩,"マネージャーの秘密
万象の機密情報を盗み出したマネージャーは、
時間を稼ぎのためにリンに機密情報が入ったハードディスクを送っていた。
万象の悪行を暴くためには必要なことであり、
調査員にそれを渡さないでほしいと言っているが、
彼女を信じるべきなのだろうか。
今は1階でリンを探そう",
任務,第二日工廠_葉經理的可疑行徑,"マネージャーの秘密
マネージャーに機密情報窃盗の疑いがかけられている。
しかもこの件にリンも巻き込まれているらしい。
一刻も早く、1階にいるリンのもとへ向かおう",
任務,第二日工廠_回辦公室等消息,"オフィスに戻る
リンは一人でイファ･ヨウの問題を解決したいらしい。
今は選別組のオフィスに戻って待つしかない",
任務,第二日工廠_跟鄭緯組長談談,"イー･テイと話す
イー･テイから一緒に屋上に来てほしいと言われた",
任務,第二日工廠_跟吳俊恩談談,"シュン･ゴと話す
どうやらシュン･ゴも俺に話があるようだ。イー･テイの誘いを断り、シュン･ゴがいる屋上に向かおう",
任務,第二日工廠_打卡下班,"退勤する
選別組のオフィスに戻ってタイムカードを押し、リンを待とう",
任務,第二日工廠_向邱奕宏下戰帖,"パンちゃんの伝言
まもなく決戦の日だとイエホンに伝えてほしいとパンちゃんに頼まれた……
決戦の日とは何なんだ……？",
任務,第二日回家_拜託……,"事故……
頼む……
リン……
無事で居てくれ……",
任務,第二日回家_等待,"待つ
命の危険はないが、手術が必要らしい。
リンが目覚めるまで外で待とう",
任務,第二日回家_陌生人？,"見知らぬ男
急に知らない男に話しかけられた。
今は話したい気分じゃないんだ……",
任務,第二日回家_戰鬥……！,"戦闘！
何者かがリンに危害を加えようとしている！？
そんなことはさせない……！！",
任務,第二日回家_釐清現況,"状況整理
いつの間にか、見知らぬ人間にどこかに運ばれていた。
今は状況を整理して、彼らの目的を調べるべきだ",
任務,第二日回家_跟上司徒寧,"スイ･ニンの後を追う
二人だけで話したいことがあるだと……？
何が目的だ……",
任務,第二日回家_看看芳的情況,"リンの様子を見る
リンは寝室にいる。彼女の様子を確認しよう",
任務,第二日回家_應門,"外を確認する
誰かがインターホンを鳴らしている",
任務,第二日回家_和張隆生還有23吃飯,"リュウセイや23号と夕飯を食べる
リュウセイが夕飯に誘ってくれた。彼らについて知るいい機会かもしれない",
任務,第二日回家_回家,"帰宅
家に帰って寝よう",
任務,第三日開場_找到芳,"リンを見つける
起きたらリンの姿がなかった。
一体どこにいるんだ？",
任務,第三日開場_去工廠,"工場に行く
今日から万象を調査する。だが彼女たちは本当に信用できるのだろうか……
とにかく今はシロキューに乗ろう",
任務,第三日工廠_更衣,"着替える
着替えて、スイ･ニンたちからの連絡を待とう",
任務,第三日工廠_與鄭緯組長會合,"イー･テイと合流する
制服に着替えたら、契約室でイー･テイと合流しよう",
任務,第三日工廠_前往經理辦公室,"マネージャーオフィスへ行く
マネージャーオフィスにある転送機を回収してほしいとスイ･ニンに頼まれた",
任務,第三日工廠_闖入經理辦公室,"マネージャーオフィスに入る
警備はいないものの、オフィスはロックされている。
給湯室のブレーカーを落とせば扉を開けられると23号は言っているが、
誰かに気づかれる可能性がある。
他に方法はないだろうか……",
任務,第三日工廠_找到葉經理的主機,"イファのパソコンを探す
無事にオフィスには入れたが、
転送機が見当たらない。
デスクの周りを調べよう",
任務,第三日工廠_拔下轉送器,"転送機を外す
転送機を見つけた。急いで取り外そう",
任務,第三日工廠_離開經理辦公室,"オフィスから出る
転送機も回収したことだし、急いでここを離れよう",
任務,第三日工廠_安裝轉送器,"転送機をつける
転送機をイー･テイのパソコンに
取り付ければ終わりだが、
誰にも見られないように注意しないと……",
任務,第三日工廠_回到座位,"席に戻る
転送機の取り付けが終わり、
23号から席に戻るように言われた。
今後の動きを話したいそうだ",
任務,第三日工廠_前往地窖_篩選,"セラーへ向かう
セラーのデータを盗むには、
まずエレベーターに乗ってセラーに行く必要がある。
23号からエレベーターの権限をもらえるが、
痕跡が残る可能性がある。
他の方法があればいいんだが……",
任務,第三日工廠_前往地窖_操作,"セラーへ向かう
セラーのデータを盗むには、
まずエレベーターに乗ってセラーに行く必要がある。",
任務,第三日工廠_前往控制室,"制御室へ行く
操作組の制御室に行き、
セラーのデータを盗み出そう",
任務,第三日工廠_安裝破解器,"ハックユニットを繋げる
ハックユニットを制御パネルに取り付け、
データをコピーしよう。
「使用可能なアイテムを探す必要がある」",
任務,第三日工廠_離開地窖,"セラーから離れる
任務完了だ、急いで上に戻ろう",
任務,第三日工廠_尋找貨車,"トラックを探す
ホームに停めてあるトラックを探して、23号にデータを渡そう",
任務,第三日工廠_支援廖吉興的簽約,"チキョウ･リョウと契約
今はセラーのデータ解析中の23号を待たなくてはならない。
イー･テイからチキョウ･リョウの契約を手伝うようにと頼まれているので、
イー･テイのもとに向かおう。
何もせず、この工場をうろうろしていると怪しまれるからな",
任務,第三日工廠_與廖吉興會合,"チキョウ･リョウと合流
彼はB4の契約室の前で待っているらしい",
任務,第三日工廠_配合廖吉興,"チキョウ･リョウに協力する
契約中は口を出すなとチキョウ･リョウに言われたが、
イー･テイからは彼の行き過ぎた行動を止めてほしいと言われている……",
任務,第三日工廠_回辦公室,"オフィスに戻る
チキョウ･リョウとの契約が終わった。イー･テイに報告しよう",
任務,第三日工廠_查出帶走廖吉興的特勤身分,"チキョウ･リョウを連行した調査員を調べる
各フロアの調査員から情報を聞き出してほしいとイー･テイに頼まれた。
チキョウ･リョウを連行したのは誰なんだ？",
任務,第三日工廠_和邱奕宏要聯絡方式,"イエホン･キュウの連絡先を手に入れる
メイ･ジョの部下であるシソン･リクは、ボーちゃんの連絡先が手に入れば、チキョウ･リョウについて教えると約束してくれた。
ボーちゃんなら選別組の自分の席にいるはずだ",
任務,第三日工廠_完成交易-陸石崇,"取引-シソン･リク
無事にボーちゃんの連絡先を手に入れた。シソン･リクのもとに向かおう",
任務,第三日工廠_幫忙買飲料,"ドリンクを買う
メイ･ジョの部下であるジユ･シュウはチキョウ･リョウを連行した調査員を知っていると言っている。
その情報と引き換えにドリンクを買ってほしいらしい",
任務,第三日工廠_完成交易-朱啟妤,"取引-ジユ･シュウ
ドリンクが変えた。ジユ･シュウに渡そう",
任務,第三日工廠_回報神秘特勤的身分,"調査員について
チキョウを連行した人物は取締役会の人間だとシェーン･ソウが教えてくれた。
イー･テイに報告しよう",
任務,第三日工廠_去操作組,"操作組に行く
シュン･ゴから手伝ってほしいと連絡が来た。
操作組はセラーの故障が原因で今日は休みのはずだが、一体何の用なんだ……？",
任務,第三日工廠_前往地窖電梯站,"セラーのエレベーター
シヘイ･ヨウとともに車に乗り、エレベーターに向かおう。
ジュジュとパンちゃんの推測が正しければ、そこに干渉器があるはずだ",
任務,第三日工廠_等待楊冶平,"シヘイを待つ
自分が干渉器を外すから、ここで待っててほしいとシヘイに言われたが、彼の行動が怪しすぎる。
大人しく彼を待つべきだろうか……？",
任務,第三日工廠_回去操作組,"操作組に戻る
仕事は終わった。操作組に戻ろう",
任務,第三日工廠_先回到貨車上,"トラックに戻る
今は仕事もなさそうだ。トラックに戻ろう",
任務,第三日工廠_見徐媛,"メイ･ジョと会う
メイ･ジョから呼び出された。一体何を企んでいるんだ……？",
任務,第三日工廠_回到貨車上,"トラックに戻る
データの解析が終わったらしい。トラックに戻ろう",
任務,第三日工廠_找徐媛幫忙,"メイ･ジョを手伝う
再びエレベーターの権限が必要になった。
しかも今回はセキュリティが厳重なオペレーションコアに行く。
正規の方法でないと、すぐに警報が鳴るため、ホールにいるメイ･ジョから権限がもらえないか聞いてみよう",
任務,第三日工廠_前往運算核心,"オペレーションコアへ行く
エレベーターでリュウセイと合流し、
オペレーションコアに向かおう",
任務,第三日工廠_竊取運算核心數據,"オペレーションコアのデータを盗む
リュウセイとともにオペレーションコアに侵入した。
以前のようにデータをコピーしよう",
任務,第三日工廠_戰鬥……！,"戦闘！
こいつらを何とかしないと撤退できない……！",
任務,第三日工廠_撤退,"撤退
一刻も早くここから晴れよう！",
任務,第三日工廠_轉達歉意,"ボーちゃんの頼み
ボーちゃんとシンカがまた操作組の件で喧嘩をした。
怒って返信をしないシンカに、
代わりに謝ってきてほしいとボーちゃんに頼まれた。
シンカはホームにいるようだ",
任務,第三日工廠_歸還通行證,"パスを返す
もうシンカのパスは必要ない。
彼女がいない時にこっそり返そう",
任務,第三日工廠_修理供電,"電力供給
ジソ･ソンにセラーの配電盤がオンに切り替えてほしいと頼まれた。
確かエレベーターを出て、右側の壁にあったはずだ",
任務,第三日回家_等司徒寧的下一步,"スイ･ニンの指示を待つ
データは盗めたが……
かなりの騒動になってしまった……
次はどんな作戦を立てるつもりなんだ？",
任務,第三日回家_去找隆生和23,"リュウセイと23号のもとに向かう
そろそろ夕飯にしないと。下で二人と合流しよう",
任務,第三日回家_買飲料,"ドリンクを買う
リュウセイからドリンクを買ってきてほしいと頼まれた。
何を買うよう言われたっけな……",
任務,第三日回家_和隆生碰頭,"リュウセイのもとに戻る
ドリンクを買った。ビンロウ店にいるリュウセイの元に戻ろう",
任務,第三日回家_回家,"帰宅
家に帰って寝よう",
任務,第三日回家_赴約,"約束に行く
麺屋にムカイ・チンと会いに行かなければならない",
任務,第四日開場_準備出門,"事前準備
スイ･ニンたちが昨日のデータを解析し終わったようだ",
任務,第四日開場_應門,"来客
誰かがインターホンを鳴らしている",
任務,第四日開場_參與會議,"会議に参加
スイ･ニンのところに行き、次の作戦を話し合おう",
任務,第四日開場_去工廠,"工場へ行く
最初はただの万象の調査だったのに、人身売買を止めることになるとは……日に日に状況が悪くなっている。
とにかく今はシロキューで工場へ向かおう",
任務,第四日工廠_換制服,"制服に着替える
今日もいつも通り、制服に着替えるところからだ",
任務,第四日工廠_去見徐媛,"メイ･ジョのもとへ向かう
急に男子トイレに現れたシェーン･ソウから、
メイ･ジョが俺を待っていると言われた",
任務,第四日工廠_離開面談大廳,"面談ホールから出る
メイ･ジョは一体何を企んでいるんだ？
とろあえず、今はここから出よう",
任務,第四日工廠_跟隆生會合,"リュウセイと合流
リュウセイの席に行き、彼と合流しよう",
任務,第四日工廠_找個適合談話的地方,"話せる場所を探す
リュウセイが今日の任務について話したいらしい。
どこか人目のつかない場所でもあれば……
例えば給湯室とか……",
任務,第四日工廠_找到能換班的對象,"シフトを交換可能な人を探す
契約者から子どもの人身売買についての情報を得るために、
面談のシフトを誰かに代わってもらう必要がある",
任務,第四日工廠_跟曹泰銘討論換班,"タイミンに交換を申し出る
タイミンは自分の席にいるようだ",
任務,第四日工廠_跟林靜慧討論換班,"セイ･リンに交換を申し出る
セイ･リンは契約室の廊下にいるようだ",
任務,第四日工廠_跟吳晉峰討論換班,"シンホンに交換を申し出る
シンホンは修築組で休憩を取っているようだ",
任務,第四日工廠_確認換班成功,"シフトの確認
シフトを交換してくれる人を見つけた。
だがリンが言うには、念のためにパソコンで確認すべきらしい",
任務,第四日工廠_開始面談,"面談開始
まもなく面談の時間だ",
任務,第四日工廠_和鄭緯組長碰面(篩選),"イー･テイと会う
面談終了後、イー･テイから話がしたいと連絡が来た。
選別組のオフィスに行き、彼と会おう",
任務,第四日工廠_去見執行長(篩選),"執行官と会う
メイ･ジョが言ってたことが本当に起こった。
イー･テイとともに執行官のところに行こう",
任務,第四日工廠_回辦公室(篩選),"オフィスに戻る
先にオフィスに戻るようにイー･テイに言われた。どうやら彼には何か考えがあるようだ",
任務,第四日工廠_和鄭緯組長談談(篩選),"イー･テイと話す
イー･テイは俺に別の仕事を任せたいらしく、
二人きりで話したいようだ",
任務,第四日工廠_說服賴潔(篩選),"ジュジュを説得
操作組のジュジュから手伝いを得られるように説得してほしいと、イー･テイに頼まれた。
この説得が上手くいけば、イー･テイがサイレントの主導権を握ることになるだろう",
任務,第四日工廠_離開地窖(篩選),"セラーから出る
ここでの仕事は終わりだ。上に戻ろう",
任務,第四日工廠_和吳俊恩組長碰面(操作),"シュン･ゴと会う
面談終了後、シュン･ゴから話がしたいと連絡が来た。
1階のホールで彼と会おう",
任務,第四日工廠_去見執行長(操作),"執行官に会う
メイ･ジョが言ってたことが本当に起こった。
シュン･ゴとともに執行官のところに行こう",
任務,第四日工廠_回辦公室(操作),"オフィスに戻る
シュン･ゴが取締役会を納得させる報告書を出せれば、工場が閉鎖できるかもしれない。
だが操作組は休みで、今日は誰もいないはずだ。
シュン･ゴはどうするつもりだ？",
任務,第四日工廠_和吳俊恩談談(操作),"シュン･ゴと話す
シュン･ゴは俺に別の仕事を任せたいらしく、
二人きりで話したいようだ",
任務,第四日工廠_請求采欣幫助(操作),"シンカの手伝い
選別組のシンカから手伝いを得られるように説得してほしいと、シュン･ゴに頼まれた。
工場閉鎖で仲間が仕事を失うかもしれない状況下で、彼女は協力してくれるのか……？",
任務,第四日工廠_去接待執行長,"執行官と話す
ホールにいる執行官と話して、時間稼ぎをしてほしいとシュン･ゴに頼まれた。
本当にこれでサイレントの未来が決まるのか……",
任務,第四日工廠_講和,"和解か、決裂か
イー･テイとシュン･ゴは最後に話し合うことを決めたようだ。
その話し合いには、俺も立ち会うよう言われている",
任務,第四日工廠_去拖延執行長,"執行官を引き止める
イー･テイとシュン･ゴは互いに協力することを決めた。
彼らは俺に、ホールにいる執行官と話して、時間稼ぎをしてほしいと頼んだ",
任務,第四日工廠_回篩選組,"選別組に戻る
これですべて終わったのか……？
とりあえず選別組の皆のところに行こう",
任務,第四日工廠_回操作組,"操作組に戻る
これですべて終わったのか……？
とりあえず操作組の皆のところに行こう",
任務,第四日工廠_找到俊恩和阿緯,"シュンとイーちゃんを探す
選別組にシュン･ゴとイー･テイはいなかった。
どこに行ったのか、他の人に聞いてみよう",
任務,第四日工廠_去頂樓,"屋上に行く
シュンとイーちゃんは屋上にいるらしい。一体何をしているんだ？
とにかく屋上に行こう",
任務,第四日工廠_和大家聊聊,"皆と話す
もうそろそろリュウセイと契約に行く時間だ。
最後に皆と話し、そのあと契約室へ向かおう",
任務,第四日工廠_和隆生會合簽約,"リュウセイと合流
契約の時間だが、スイ･ニンたちはまだ戻らない。
仕方ない、リュウセイと二人で情報を聞き出そう",
任務,第四日工廠_開始質問,"質問開始
スイ･ニンたちが戻って来た。
彼女たちの指示に従って、なるべく情報を聞きだそう",
任務,第四日工廠_趕回貨車上,"トラックに戻る
攻撃された……！？
まさか相手はずっと俺らの動きを見ていたのか？
とりあえず今はスイ･ニンの指示どおり、トラックに戻ろう",
任務,第四日回家_聽計畫,"作戦を聞く
これから万象に売られた子どもたちを助けに行く。
スイ･ニンから作戦を聞こう",
任務,第四日回家_進入黑幫據點,"ギャングの拠点に潜入
ギャングに変装し、調査をするのが俺の役目だ",
任務,第四日回家_深入據點,"拠点を調べる
チンピラからここの内情や子どもたちの居場所を聞き出してほしいと23号に指示された",
任務,第四日回家_打倒他們……！,"敵を倒す
まずはこの二人を倒して、最後にあの金髪野郎だ",
任務,第四日回家_逃離黑幫據點,"この場から逃げる
誰かに気絶させられたのか……？
ここがどこかわからない上に、23号と連絡も取れない。
とにかく、ここから逃げよう……",
任務,第四日回家_活下去,"生き延びろ
ホワイトリザードの策略にはまった……
スイ･ニンたちと連絡が取れないとなると、今は自力で逃げるしかない……",
任務,第四日回家_出去,"外に出る
外の銃声が止んだ。様子を確認しよう",
任務,第四日回家_離開,"脱出
スイ･ニンはホワイトリザードの後を追った。俺も早くここを離れるべきだ……",
任務,第四日回家_等待,"待つ
スイ･ニンと23号が戻ってこない……
今は待つしかない",
任務,第四日回家_聽報告,"報告を聞く
今日の作戦は想像以上に過酷なものだった。この先もこんなことが続くのか……？",
任務,第四日回家_和芳談談,"リンと話す
今日はいろいろと起きすぎた一日だった……
リンと話そう",
任務,第四日回家_去見隆生和23,"リュウセイと23号のもとへ向かう
リンに、リュウセイと23号のところに行ってほしいと頼まれた。
おそらく、いつものところで食事をしているはずだ",
任務,第四日回家_尋找隆生和23,"リュウセイと23号を探す
いつもの店にいない。他にもこの時間に営業してる店があるのか？",
任務,第四日回家_回家,"帰宅
家に帰って寝よう",
任務,第五日_去見司徒寧,"スイ･ニンのもとへ向かう
リンと一緒にスイ･ニンのところに行こう",
任務,第五日_去捷運站和隆生會合,"駅でリュウセイと合流する
駅にいるリュウセイと合流し、
シロキューで万象の地下研究施設に向かおう",
任務,第五日_進入設施內部,"施設へ潜入
スイ･ニンが扉を開けてくれた。中に入り、彼女と合流しよう",
任務,第五日_打開研究中心大門,"研究施設の正門を開ける
横の制御パネルから門の操作が可能なようだが、IDが必要だ。
倒れている人たちからIDを探そう",
任務,第五日_進入正門,"正門から入る
研究施設の正門が開いた。リュウセイと一緒に中に入ろう",
任務,第五日_等司徒寧,"スイ･ニンを待つ
スイ･ニンは俺たちに待機を命令し、
一人で研究施設に入っていった……",
任務,第五日_進入研究中心,"研究施設に入る
スイ･ニンがあらかた倒し終わり、
中に入ってもいいと連絡がきた",
任務,第五日_使用控制台,"制御台を使う
制御台にハックユニットを取り付ける",
任務,第五日_取走破解器,"ハックユニットを回収
作業が終わったようだ。ユニットを回収しよう",
任務,第五日_取走隆生的破解器,"リュウセイのハックユニットを回収
もう一台の制御台からリュウセイのユニットを回収しよう",
任務,第五日_跟隆生會合,"リュウセイと合流
眠り神のすべての資料が手に入った。リュウセイのもとへ向かおう。
研究施設を出た先で待っているはずだ",
任務,第五日_取得密碼,"パスワードを入手
パスワードがないため、門が開かない。
さっきの研究員ならパスワードを知っているかもしれない",
任務,第五日_告知密碼,"パスワードを伝える
パスワードは7121だ。
リュウセイに伝えよう",
任務,第五日_跟上隆生,"リュウセイについていく
門が開いた。リュウセイがセイワ･ゲンの居場所を見つけたらしい。彼の後を追おう",
任務,第五日_繼續前進,"先へ進む
スイ･ニンがホワイトリザードとその傭兵たちに囲まれた。
俺とリュウセイは先へ進み、セイワ･ゲンを捕まえるのが先決だ",
任務,第五日_活下去,"生き延びろ
見つかってしまった……！
だがここで立ち止まっても死ぬだけだ……！
先へ進もう！",
任務,第五日_獨自前進,"先へ進む
リュウセイと分断された……
今は一人で進むしかない……",
任務,第五日_擊敗他,"倒す
こいつを倒して俺は先へ進む……！",
任務,第五日_前往電梯,"エレベーターに乗る
エレベーターが見える。
セイワ･ゲンはここから屋上へ向かったのだろう。急ごう",
任務,第五日_G҉̨̱̯̬́̾̎́̚͡3̵̢̛̯̗͆͒Ą̵̩͚̗̲҇̎͆̍̑U̷̢̬͖͉͍͛͆̃̀̕/҈̬͉̭͔̅̊̍͜͠4̶̛̠̪̮̓̇̆͢,"G҉̨̱̯̬́̾̎́̚͡3̵̢̛̯̗͆͒Ą̵̩͚̗̲҇̎͆̍̑U̷̢̬͖͉͍͛͆̃̀̕/҈̬͉̭͔̅̊̍͜͠4̶̛̠̪̮̓̇̆͢
1̸̧̲̳͓̱̙͒̒̾̓̕J҈͉̙̀̀͌̾͢͝6҈̣̯̬̇͑̓̽͜͡Ũ̶̢̱̳̰͂̔̚͝L҈̱̟̤̘͗̍̃̋͢͡4҉̡̲̰̅̃̏̇̎͡M҉̧̤͎̱́̀̀̀̔͠ͅͅV̶̨̛̝̎̃ͅP̸̛̥̯̿̍̒͜6҉̧̲̙̃̋̕F̸̨̛͕̲̞̮͊̒͗U̶̡͈̘͕̰͊̍̐̈́͒͞.̵̢̫͓̦͉̍̌͝6҉͓̮͒́̈̚͜͞U҉̡͙̰̲͇́̊̓̎̕4̵̨̭͇̱͋̈́̄̕U҉͕͚̖͙͖͋̄̓͜͝4҉͓̥͇̈͂̑̋͢͠",
角色,戴士傑,ジェイ･ダイ,
角色,想法,心の声,
角色,程芳,リン･テイ,
角色,張隆生,リュウセイ･チョウ,
角色,23,23,
角色,司徒寧,スイ･ニン,
角色,白昕城,キンセイ･ハク,
角色,嚴勝和,セイワ･ゲン,
角色,羅誠,セイ･ラ,
角色,祖母,祖母,
角色,蔡明翰,ミン･ツァイ,
角色,蔡明瑋,シン･ツァイ,
角色,張延安,イアン･チョー,
角色,校準者,校合者,
角色,重構者,構築者,
角色,葉銘雄,ユウ･ヨウ,
角色,邱美娥,ミカ･チュー,
角色,劉漢銘,ハン･リュウ,
角色,病房控制器,病室制御端末,
角色,[異常],「異常」,
角色,系統,システム,
角色,鄭緯,イー･テイ,
角色,廖吉興,チキョウ･リョウ,
角色,吳晉峰,シンホン･ゴ,
角色,葉慈恩,ジーン･ヨウ,
角色,邱奕宏,イエホン･キュウ,
角色,邱書凱,カイ･キュウ,
角色,曹泰銘,タイミン･ソウ,
角色,謝采欣,シンカ･シェ,
角色,葉宜樺,イファ･ヨウ,
角色,何歆翊,レイカ･ホウ,
角色,吳俊恩,シュン･ゴ,
角色,賴潔,ジュジュ･ライ,
角色,羅龐安,パン･ロウ,
角色,賴羽嬪,ユウヒン･ライ,
角色,柯義偉,ギイ･カー,
角色,陳家騏,カエ･チン,
角色,許世良,セラ･キョウ,
角色,楊冶平,シヘイ･ヨウ,
角色,黃世婷,セリン･コウ,
角色,朱平皓,ヒコウ･シュウ,
角色,徐媛,メイ･ジョ,
角色,莊詩妍,シェーン･ソウ,
角色,陸石崇,シソン･リク,
角色,孫茹,ジソ･ソン,
角色,胡啟維,ケイ･コ,
角色,曾樹成,ジュセイ･ソウ,
角色,張可霖,カリン･チョウ,
角色,林靜慧,セイ･リン,
角色,蕭勇明,ユウ･ショウ,
角色,郭悅美,エイミ･カク,
角色,李賜,シー･リー,
角色,張參,サン･チャン,
角色,陳昱彤,リツ･チン,
角色,顏廷威,デン･ガン,
角色,羅智成,チセイ･ラ,
角色,朱啟妤,ジユ･シュウ,
角色,賴美雲,ミユ･ライ,
角色,朱浩宏,コウシ･シュウ,
角色,電視,テレビ,
角色,互動介面C-2,システム画面C-2,
角色,哥爾哥達三型,ゴルゴタ参型,
角色,個人電腦,コンピューター,
角色,蔣瑜涵,ユリン･ジャン,
角色,董欣麗,シンレイ･トン,
角色,戴勇誠,ユウセイ･ダイ,
角色,江安,アンカ･コウ,
角色,朱祿,ロク･シュウ,
角色,陳雅茵,アイ･チン,
角色,駱思敏,シミン･ラク,
角色,陳昇文,ショウブン･チン,
角色,通用介面,汎用画面,
角色,傅瑞光,エイコウ･フウ,
角色,劉承虎,トラさん,
角色,莊智宣,チシュン･ソウ,
角色,陳木海,ムカイ･チン,
角色,邱淑萍,シュウリン･キュウ,
角色,陳祥儒,コウジュ･チン,
角色,任誠磊,セイレイ･ニン,
角色,昆燁,カイ･コン,
角色,蘇巧敏,ケミン･ソ,
角色,AI寂靜,AIサイレント,
角色,副官,副官,
角色,劉冠廷,カンテイ･リュウ,
角色,陳莉堯,ヤオ･リー,
角色,何以皎,イー･カー,
角色,何以墨,モー･カー,
角色,吳子芸,シエ･ゴ,
角色,馮元駿,ゲンシュン･フォン,
角色,劉允柔,ジュンユ･リュウ,
角色,劉杜可,トカ･リュウ,
角色,張志行,シギョウ･チョウ,
角色,郭偉智,イチ･カク,
角色,傭兵1,傭兵1,
角色,傭兵2,傭兵2,
角色,傭兵3,傭兵3,
角色,陳進德,シントク･チン,
角色,柯芷希,シキ・カ,
角色,張芸瑄,ウイ・チョウ,
角色,門禁系統,セキュリティシステム,
角色,宋雅琪,マコ・ソウ,
角色,梁曉玲,シャオリン･リャン,
角色,鐘信豪,シンゴ･シュウ,
角色,徐俊穎,ジンエイ･ジョ,
角色,蔡宜孝,イコウ･サイ,
角色,[電視]徐佩蓉,「テレビ」ペイ･ジョ,
角色,[電視]劉恬良,「テレビ」イリョウ･リュウ,
角色,劉昕琳,シェンリン･リュウ,
角色,袁佩君,ペキ･エン,
角色,王文謙,フミ･オウ,
角色,黃千凌,センニン･コウ,
角色,謝人瑜,シュウ･シェ,
角色,林盈志,エイシ･リン,
角色,王俊賢,シュウケン･オウ,
角色,蔡傑宏,ジェイホン･サイ,
角色,林柔姍,イサン･リン,
角色,賴明倫,ミン･ライ,
角色,張仁豪,ニンゴ･チョウ,
角色,王君瑜,ジュイ･オウ,
角色,黃亭毓,テイミン･コウ,
角色,彭鉦譯,セイジ･ホウ,
角色,江柏廷,ハク･コウ,
角色,[電視]蘇麗華,「テレビ」レイ･ソウ,
角色,[電視]嚴勝和,「テレビ」セイワ･ゲン,
角色,[電視]陳智翔,「テレビ」チショウ･チン,
角色,[電視]楊少芸,「テレビ」ショウイン･ヨウ,
角色,顏澤莛,サワ･ガン,
角色,邱奕程,イホウ･キュウ,
角色,林恩祈,エン･リン,
角色,張恩睿,チリョウ･チョウ,
角色,陳芸芊,イセン･チン,
角色,蕭丞志,シュウシ･ショウ,
角色,吳翌陸,リク･ゴ,
角色,楊舜閔,シュンミン･ヨウ,
角色,王奕勇,イユウ･オウ,
角色,陳奕芷,イシュウ･チン,
角色,吳仕孜,シュウリン･ゴ,
角色,簡家維,カイ･カン,
角色,宋孟倫,モンルン･ソン,
角色,陳均姍,シサン･チン,
角色,張顯慈,キシ･チョウ,
角色,施佑憲,ユウケン･シ,
角色,朱佳俐,カリ･シュウ,
角色,彭宇誠,ウジョウ･ホウ,
角色,吳耀德,ヨウトク･ゴ,
角色,林典胤,テン･リン,
角色,林隴,リュウ･リン,
角色,簡廷函,エンカ･カン,
角色,蔡欣妤,イジュ･サイ,
角色,楊家雯,カミン･ヨウ,
角色,李家瑜,カユ･リ,
角色,陳定佳,テイカ･チン,
角色,陳君竹,サジュ･チン,
角色,吳宗人,ソウト･ゴ,
角色,施雅雯,アミン･シ,
角色,陳信宏,シン･チン,
角色,劉舜文,シュンブン･リュウ,
角色,[電視]汪上甫,「テレビ」ジョウフ･ワン,
角色,[電視]劉偉潔,「テレビ」イジェ･リュウ,
角色,[電視]許育芝,「テレビ」シイ･キョ,
角色,吳政儒,セイジュ･ゴ,
角色,張永茵,エイン･チョウ,
角色,王介維,カイユ･オウ,
角色,潘欣樺,インカ･ハン,
角色,梁振豪,コシン･リョウ,
角色,邱浩閔,ミンコ･キュウ,
角色,林宇潔,ユジ･リン,
角色,姚曉杰,シャオジェイ･ヤオ,
角色,王敬剛,ケイコ･オウ,
角色,葉怡芳,ホウ･ヨウ,
角色,[電視]孫自婷,「テレビ」シテイ･ソン,
角色,[電視]林國宇,「テレビ」コク･リン,
角色,林育玟,イブン･リン,
角色,黃家良,カリョウ･コウ,
角色,龎暐馨,リシン･ホウ,
角色,黃柏鈞,バキン･コウ,
角色,吳宗靖,ソウキン･ゴ,
角色,鐘怡如,イユ･シュウ,
角色,張蓉一,ヨウイ･チョウ,
角色,陳韋然,イセン･チン,
角色,毛慶龍,ケイリュウ･モウ,
角色,趙向音,シャンイン･チョウ,
角色,蘇志成,シセイ･ソ,
角色,蔡靜雯,セイブン･サイ,
角色,李奎樺,チカ･リ,
角色,王亭元,テイン･オウ,
角色,張昱廷,シュウテイ･チョウ,
角色,邱書迪,シュウテキ･キュウ,
角色,陳彥廷,イエンテイ･チン,
角色,陳彥佑,ユエン･チン,
角色,李重強,ジキョウ･リ,
角色,陳明中,ミンシュウ･チン,
角色,陳佳月,カユエ･チン,
角色,徐倩璇,シンセン･ジョ,
角色,趙建宏,ケンホ･チョウ,
角色,楊佩君,ペイジュン･ヨウ,
角色,張振宇,シンユウ･チョウ,
角色,黃郁婷,ユウテイ･コウ,
角色,簡詩婷,シテイ･カン,
角色,黃筱涵,シャオカン･コウ,
角色,王俊賢,シュンエン･オウ,
角色,朱宗翰,ソウハン･シュウ,
角色,黃宜珊,イェサン･コウ,
角色,林芳玉,ホウユウ･リン,
角色,李明輝,ミンキ･リ,
角色,邱士瑋,シエ･キュウ,
角色,吳瑋婷,シンテイ･ゴ,
角色,張安琪,アンキ･チョウ,
角色,李品妤,シシュウ･リ,
角色,梁軒豪,ケンコウ･リョウ,
角色,李俊杰,シュンジェイ･リ,
角色,吳志翔,シショウ･ゴ,
角色,黃柏豪,ハクゴウ･コウ,
角色,林有皓,ユウコウ･リン,
角色,黃佳伶,カリン･コウ,
角色,劉正盈,セイエイ･リュウ,
角色,孫冠宇,カンユウ･ソン,
角色,林翔杰,ショウジェイ･リン,
角色,張亮維,リョウイ･チョウ,
角色,楊白娟,ハク･ヨウ,
角色,葉建智,ケンシ･ヨウ,
角色,劉方伶,ホウリン･リュウ,
角色,黃怡純,イジュン･コウ,
角色,謝俊達,シュンジュ･シェ,
角色,張政儒,セイジュ･チョウ,
角色,蔡傑豪,ジェイホウ･サイ,
角色,簽約機械,簽約機械,
角色,背後鴞隊,背後鴞隊,
角色,CM辦公室_賴潔,CM辦公室_賴潔,
角色,馬桶上的人,力んでいる人,
角色,工廠電視,工廠電視,
角色,徐媛保鑣A,徐媛保鑣A,
角色,徐媛保鑣B,徐媛保鑣B,
角色,NPC_Base,NPC_Base,
角色,CU-052,CU-052,
角色,張志庭,してい･ちょう,
章節,第零天-病房,病室,
章節,第一天-出門,仕度,
章節,第一天-工廠-新人,工場-新人,
章節,第一天-工廠-面談之後,工場-面談後,
章節,第一天-工廠-走廊上的騷動,工場：廊下の騒ぎ,
章節,第一天-回家,帰宅,
章節,第二天-出門,仕度,
章節,第二天-工廠-操作組,工場-操作組,
章節,第二天-工廠-回篩選組,工場-選別組に戻る,
章節,第二天-工廠-經理的麻煩,工場：マネージャーのトラブル,
章節,第二天-回家,帰宅：スイ・ニン,
章節,第二天-回家-隆生與23,帰宅：リュウセイと23号,
章節,第三天-出門,仕度,
章節,第三天-工廠-調查行動,工場-調査,
章節,第三天-工廠-潛入之後,工場-調査後,
章節,第三天-工廠-運算核心,工場：オペレーションコア,
章節,第三天-回家,帰宅：我が家,
章節,第三天-回家-談心,帰宅：話し合い,
章節,第四天-出門,仕度,
章節,第四天-工廠-上班,工場-出勤,
章節,第四天-工廠-寂靜的未來篩選,工場：未来,
章節,第四天-工廠-寂靜的未來操作,工場：未来,
章節,第四天-工廠-追查,工場-調査,
章節,第四天-工地-惡棍,廃棄工場：悪人,
章節,第四天-回家,帰宅：動揺,
章節,第四天-回家-決戰前夜,帰宅：決戦前夜,
章節,第五天-出門,仕度,
章節,第五天-真相,真実,
章節,第五天-最後的選擇,最後の選択,
其它,確認移動指令,移動方法を確認,이동 방법 확인
其它,　ＡＤ鍵移動 (Shift跑步),"　<sprite name=""Normal/Move:Negative""><sprite name=""Normal/Move:Positive"">で移動 (<sprite name=""Normal/Run"">で走る)","　<sprite name=""Normal/Move:Negative""><sprite name=""Normal/Move:Positive"">로 이동 (<sprite name=""Normal/Run"">로 달리기)"
其它,確認調查指令,調査方法を確認,조사 방법 확인
其它,　左鍵點擊門鎖調查,"　<sprite name=""Normal/InspectMove"">カーソルをドアロックに移動して、<sprite name=""Normal/Inspect"">を押して調査","　<sprite name=""Normal/InspectMove"">커서를 문 잠금장치로 이동한 뒤, <sprite name=""Normal/Inspect"">를 눌러 조사"
其它,設法離開病房,病室から脱出する方法を探す,병실에서 탈출할 방법 찾기
其它,　尋找浮顯器密碼提示,　パスワードのヒントを探す,　비밀번호 힌트 찾기
其它,　利用提示推測出密碼,　ヒントでパスワードを推理する,　힌트로 비밀번호 추리하기
其它,讀取思緒,考えを読む,생각 읽기
其它,　Tab鍵讀取思緒,"　<sprite name=""Normal/PlayerThought"">で考えを読む","　<sprite name=""Normal/PlayerThought"">로 생각 읽기"
其它,已解鎖對話選項,選択肢がアンロックされた,선택지가 해금되었습니다
其它,軌道顯示器校準者維持開機回到一般待機動畫動畫,軌道顯示器校準者維持開機回到一般待機動畫動畫(en-US),
其它,軌道顯示器待機動畫切到阿翰報告,軌道顯示器待機動畫切到阿翰報告(en-US),
其它,軌道顯示器最初始動畫,軌道顯示器最初始動畫(en-US),
其它,重新遊玩請按　R,"リスタート：「R」
ゲーム終了：「ESC」
ステージ選択：「F9」","재시작: 「R」
게임 종료: 「ESC」
스테이지 선택: 「F9」"
其它,試玩版結束,体験版はここまでです。プレイしていただきありがとうございます。,체험판은 여기까지입니다. 플레이해주셔서 감사합니다.
其它,返回遊戲 ,「ゲームに戻る」,「게임으로 돌아가기」
其它,關閉遊戲  ,「ゲームを終える」,「게임 종료」
其它,重置本關,「ステージをリスタート」,「스테이지 재시작」
其它,作弊鍵說明,"チート
「F9」：ステージ選択画面へ
「F11」：スキップ機能をオン
「F12」：スキップ機能をオフ
「Tab」：ゲームを速める（バグになる可能性が高い）","치트
「F9」: 스테이지 선택 화면으로
「F11」: 스킵 기능 켜기
「F12」: 스킵 기능 끄기
「Tab」: 게임 속도 높이기 (버그 발생 가능성 높음)"
其它,歡迎加入STEAM加入願望清單喔！,STEAMのウィッシュリストに追加してください！,STEAM 위시리스트에 추가해주세요!
其它,steam demo_作弊鍵說明,「F9」：ステージ選択画面へ,「F9」: 스테이지 선택 화면으로
其它,UI_繼續,続ける,이어하기
其它,UI_新遊戲,ニューゲーム,새 게임
其它,UI_章節,チャプター,챕터
其它,UI_語言,言語,언어
其它,UI_製作人員,クレジット,크레딧
其它,UI_前往 Discord,公式 Discord,공식 디스코드
其它,UI_退出遊戲,終了,종료
其它,UI_確認,決定,확인
其它,UI_返回,戻る,뒤로
其它,UI_設定,設定,설정
其它,UI_操作,操作,조작
其它,UI_返回主選單,メインメニューに戻る,메인 메뉴로 돌아가기
其它,UI_總音量,全体音量,전체 음량
其它,UI_音樂音量,BGM音量,배경음악 음량
其它,UI_音效音量,効果音音量,효과음 음량
其它,UI_角色對話音量,ボイス音量,음성 음량
其它,UI_應用,決定,적용
其它,UI_螢幕顯示,画面表示,화면 표시
其它,UI_全螢幕,フルスクリーン,전체 화면
其它,UI_無邊框螢幕,ウィンドウ（フルスクリーン）,테두리 없는 전체화면
其它,UI_視窗模式,ウィンドウ,창 모드
其它,UI_解析度,解像度,해상도
其它,UI_亮度,明るさ,밝기
其它,UI_鏡頭晃動,画面振動,화면 흔들림
其它,UI_垂直同步,垂直同期,수직 동기화
其它,UI_是,はい,예
其它,UI_否,いいえ,아니오
其它,UI_暫停遊戲,一時停止,일시정지
其它,UI_思緒,考えを読む,생각 읽기
其它,UI_主要目標,メインタスク,주요 목표
其它,UI_對話紀錄,ログ,대화 기록
其它,UI_互動,アクション,상호작용
其它,UI_跑步,走る,달리기
其它,UI_調查物品,調べる,조사하기
其它,UI_選擇選項,選択肢の決定,선택지 결정
其它,UI_下句對話,メッセージ送り,다음 대사
其它,UI_向右移動,右に移動,오른쪽으로 이동
其它,UI_向左移動,左に移動,왼쪽으로 이동
其它,UI_移動,移動,이동
其它,UI_新操作文字_移動調查游標,カーソルを移動する,커서 이동
其它,UI_新操作文字_調查游標加速,カーソル感度を速くする,커서 감도 빠르게
其它,UI_新操作文字_略過已讀對話,既読をスキップする,읽은 대사 건너뛰기
其它,UI_所有未保存的進度將會消失。是否返回主選單？,保存していない場合、進行状況は失われます。メインメニューに戻りますか？,저장하지 않은 진행 상황은 사라집니다. 메인 메뉴로 돌아가시겠습니까?
其它,UI_所有進度將會被覆蓋。是否開始新遊戲？,今までの進行状況が失われます。ニューゲームで始めますか？,지금까지의 진행 상황이 사라집니다. 새 게임을 시작하시겠습니까?
其它,UI_往後進度將會被覆蓋。是否從此章節重新開始？,この章から再開します。その後の進捗はすべて消えてしまいます。続行してもよろしいですか？,이 챕터부터 다시 시작합니다. 이후 진행 상황은 모두 사라집니다. 계속하시겠습니까?
其它,UI_進入章節,章から再開,챕터부터 재개
其它,UI_最後一次存檔時間提示,前回のセーブ時間：{0} 時間 {1} 分 {2} 秒前,{0}시간 {1}분 {2}초 전에 저장됨
其它,UI_自動存檔提示文字,オートセーブ,자동 저장
其它,UI_第零日,0日目,0일차
其它,UI_第一日,1日目,1일차
其它,UI_第二日,2日目,2일차
其它,UI_第三日,3日目,3일차
其它,UI_第四日,4日目,4일차
其它,UI_第五日,5日目,5일차
其它,UI_電梯_權限未開放,権限未開放,권한 없음
其它,UI_電梯_頂樓,屋上,옥상
其它,UI_電梯_寂靜大廳,サイレントホール,사일런트 홀
其它,UI_電梯_篩選組,選別組,선별조
其它,UI_電梯_簽約室｜面談大廳,契約室｜面談ホール,계약실｜면담홀
其它,UI_電梯_建修組,修築組,건설조
其它,UI_電梯_月台,ホーム,승강장
其它,UI_電梯_離開電梯,出る,나가기
其它,UI_跳特殊關卡,PostCreditScene,PostCreditScene
其它,UI_存檔槽位相關_切換存檔槽位,セーブ：スロット {0},저장: 슬롯 {0}
其它,UI_存檔槽位相關_將會在新的存檔槽位上產生從此章節開始的新存檔。是否要繼續進行？,"以降のチャプターは新しいスロットにセーブされます。
続けますか？","이후 챕터는 새 슬롯에 저장됩니다.
계속하시겠습니까?"
其它,UI_存檔槽位相關_存檔槽位已滿，將會產生從此章節開始的新存檔並覆蓋當前槽位。是否要繼續進行？,"セーブスロットがいっぱいです。以降のチャプターは前のセーブデータに上書きされます。
続けますか？","저장 슬롯이 가득 찼습니다. 이후 챕터는 기존 저장 데이터를 덮어씁니다.
계속하시겠습니까?"
其它,UI_存檔槽位相關_將會在新的存檔槽位上產生新遊戲存檔。是否要繼續進行？,"新しいスロットにセーブされます。
続けますか？","새 슬롯에 저장됩니다.
계속하시겠습니까?"
其它,UI_存檔槽位相關_存檔槽位已滿，將會覆蓋當前槽位已產生新遊戲存檔。是否要繼續進行？,"セーブスロットがいっぱいのため、このスロットに上書きされます。
続けますか？","저장 슬롯이 가득 차서 이 슬롯에 덮어씁니다.
계속하시겠습니까?"
其它,UI_存檔槽位相關_存檔槽位名,セーブスロット {0},저장 슬롯 {0}
其它,UI_存檔槽位相關_用此槽位開始新遊戲,このスロットでニューゲームを始める,이 슬롯으로 새 게임 시작
其它,UI_存檔槽位相關_遊玩時數,プレイ時間：{0} 時間 {1} 分,플레이 시간: {0}시간 {1}분
其它,UI_存檔槽位相關_最後存檔日期,セーブ時間：{0},저장 시간: {0}
其它,UI_存檔槽位相關_刪除存檔槽位,削除,삭제
其它,UI_存檔槽位相關_是否要刪除此存檔,このセーブデータを削除しますか？,이 저장 데이터를 삭제하시겠습니까?
其它,UI_存檔槽位相關_重置存檔槽位,リセット,초기화
其它,UI_存檔槽位相關_是否要重置此存檔,このセーブデータをリセットしますか？,이 저장 데이터를 초기화하시겠습니까?
其它,UI_存檔槽位相關_新遊戲章節文字,ニューゲーム,새 게임
其它,UI_對話略過_正在快速略過已讀對話,既読のメッセージを素早くスキップする,읽은 대사 빠르게 건너뛰는 중
其它,"UI_對話略過_略過已讀對話 
",既読のダイアログをスキップする,읽은 대사 건너뛰기
其它,UI_對話略過_已解鎖已讀對話快速略過功能提示,"既読スキップが解放されました。 <sprite name=""UI/SkipReadSayUnit"">キーで既読メッセージをスキップできます。","읽은 대사 건너뛰기 기능이 해제되었습니다. <sprite name=""UI/SkipReadSayUnit""> 키로 읽은 대사를 건너뛸 수 있습니다."
其它,UI_純屬虛構警告文字,このゲームはフィクションです。実在の人物や団体などとは一切関係ありません。,이 게임은 픽션입니다. 실존하는 인물이나 단체와는 일절 관계가 없습니다.
人員名單,製作群,開発チーム,
人員名單,製作人 / 編劇,制作/脚本,
人員名單,劇本監修,脚本監修,
人員名單,遊戲設計,ゲームデザイン,
人員名單,視覺總監,ビジュアル監督,
人員名單,概念美術,コンセプトアート,
人員名單,角色設計,キャラクターデザイン,
人員名單,動畫導演,アニメーション監督,
人員名單,動畫,アニメーション,
人員名單,2D 美術,2Dアート,
人員名單,3D 美術,3Dアート,
人員名單,場景美術,シーン,
人員名單,技術美術,テクニカルアート,
人員名單,特效,特殊効果,
人員名單,UI 美術,UIアート,
人員名單,程式,プログラミング,
人員名單,DevOps 工程師,DevOpsエンジニアリング,
人員名單,最佳化工程師,最適化,
人員名單,外部程式,プログラミングパートナー,
人員名單,作曲家,作曲家,
人員名單,音效設計,音響効果,
人員名單,商務,マーケティング,
人員名單,多國語系,ローカリゼーション,
人員名單,Demo 多國語系,デモローカリゼーション（Demo）,
人員名單,校稿社群,コミュニティ校正,
人員名單,品質控管,品質保証,
人員名單,外部品質控管,品質保証パートナー,
人員名單,外部測試玩家,プレイヤーテスター,
人員名單,G8 遊戲展試玩,G8ゲーム展示Demo,
人員名單,外部資源,外部リソース,
人員名單,片尾曲,エンディング曲,
人員名單,演唱,演奏 Performed by,
人員名單,作詞,歌詞 Lyrics by,
人員名單,作曲,作曲 Composed by,
人員名單,特別感謝,特別感謝,
人員名單,核心創作者,主要創造者,
